Race ID,Year,Race Name,Avg pit stop time (ms)
1,2009,Australian Grand Prix,\N
2,2009,Malaysian Grand Prix,\N
3,2009,Chinese Grand Prix,\N
4,2009,Bahrain Grand Prix,\N
5,2009,Spanish Grand Prix,\N
6,2009,Monaco Grand Prix,\N
7,2009,Turkish Grand Prix,\N
8,2009,British Grand Prix,\N
9,2009,German Grand Prix,\N
10,2009,Hungarian Grand Prix,\N
11,2009,European Grand Prix,\N
12,2009,Belgian Grand Prix,\N
13,2009,Italian Grand Prix,\N
14,2009,Singapore Grand Prix,\N
15,2009,Japanese Grand Prix,\N
16,2009,Brazilian Grand Prix,\N
17,2009,Abu Dhabi Grand Prix,\N
18,2008,Australian Grand Prix,\N
19,2008,Malaysian Grand Prix,\N
20,2008,Bahrain Grand Prix,\N
21,2008,Spanish Grand Prix,\N
22,2008,Turkish Grand Prix,\N
23,2008,Monaco Grand Prix,\N
24,2008,Canadian Grand Prix,\N
25,2008,French Grand Prix,\N
26,2008,British Grand Prix,\N
27,2008,German Grand Prix,\N
28,2008,Hungarian Grand Prix,\N
29,2008,European Grand Prix,\N
30,2008,Belgian Grand Prix,\N
31,2008,Italian Grand Prix,\N
32,2008,Singapore Grand Prix,\N
33,2008,Japanese Grand Prix,\N
34,2008,Chinese Grand Prix,\N
35,2008,Brazilian Grand Prix,\N
36,2007,Australian Grand Prix,\N
37,2007,Malaysian Grand Prix,\N
38,2007,Bahrain Grand Prix,\N
39,2007,Spanish Grand Prix,\N
40,2007,Monaco Grand Prix,\N
41,2007,Canadian Grand Prix,\N
42,2007,United States Grand Prix,\N
43,2007,French Grand Prix,\N
44,2007,British Grand Prix,\N
45,2007,European Grand Prix,\N
46,2007,Hungarian Grand Prix,\N
47,2007,Turkish Grand Prix,\N
48,2007,Italian Grand Prix,\N
49,2007,Belgian Grand Prix,\N
50,2007,Japanese Grand Prix,\N
51,2007,Chinese Grand Prix,\N
52,2007,Brazilian Grand Prix,\N
53,2006,Bahrain Grand Prix,\N
54,2006,Malaysian Grand Prix,\N
55,2006,Australian Grand Prix,\N
56,2006,San Marino Grand Prix,\N
57,2006,European Grand Prix,\N
58,2006,Spanish Grand Prix,\N
59,2006,Monaco Grand Prix,\N
60,2006,British Grand Prix,\N
61,2006,Canadian Grand Prix,\N
62,2006,United States Grand Prix,\N
63,2006,French Grand Prix,\N
64,2006,German Grand Prix,\N
65,2006,Hungarian Grand Prix,\N
66,2006,Turkish Grand Prix,\N
67,2006,Italian Grand Prix,\N
68,2006,Chinese Grand Prix,\N
69,2006,Japanese Grand Prix,\N
70,2006,Brazilian Grand Prix,\N
71,2005,Australian Grand Prix,\N
72,2005,Malaysian Grand Prix,\N
73,2005,Bahrain Grand Prix,\N
74,2005,San Marino Grand Prix,\N
75,2005,Spanish Grand Prix,\N
76,2005,Monaco Grand Prix,\N
77,2005,European Grand Prix,\N
78,2005,Canadian Grand Prix,\N
79,2005,United States Grand Prix,\N
80,2005,French Grand Prix,\N
81,2005,British Grand Prix,\N
82,2005,German Grand Prix,\N
83,2005,Hungarian Grand Prix,\N
84,2005,Turkish Grand Prix,\N
85,2005,Italian Grand Prix,\N
86,2005,Belgian Grand Prix,\N
87,2005,Brazilian Grand Prix,\N
88,2005,Japanese Grand Prix,\N
89,2005,Chinese Grand Prix,\N
90,2004,Australian Grand Prix,\N
91,2004,Malaysian Grand Prix,\N
92,2004,Bahrain Grand Prix,\N
93,2004,San Marino Grand Prix,\N
94,2004,Spanish Grand Prix,\N
95,2004,Monaco Grand Prix,\N
96,2004,European Grand Prix,\N
97,2004,Canadian Grand Prix,\N
98,2004,United States Grand Prix,\N
99,2004,French Grand Prix,\N
100,2004,British Grand Prix,\N
101,2004,German Grand Prix,\N
102,2004,Hungarian Grand Prix,\N
103,2004,Belgian Grand Prix,\N
104,2004,Italian Grand Prix,\N
105,2004,Chinese Grand Prix,\N
106,2004,Japanese Grand Prix,\N
107,2004,Brazilian Grand Prix,\N
108,2003,Australian Grand Prix,\N
109,2003,Malaysian Grand Prix,\N
110,2003,Brazilian Grand Prix,\N
111,2003,San Marino Grand Prix,\N
112,2003,Spanish Grand Prix,\N
113,2003,Austrian Grand Prix,\N
114,2003,Monaco Grand Prix,\N
115,2003,Canadian Grand Prix,\N
116,2003,European Grand Prix,\N
117,2003,French Grand Prix,\N
118,2003,British Grand Prix,\N
119,2003,German Grand Prix,\N
120,2003,Hungarian Grand Prix,\N
121,2003,Italian Grand Prix,\N
122,2003,United States Grand Prix,\N
123,2003,Japanese Grand Prix,\N
124,2002,Australian Grand Prix,\N
125,2002,Malaysian Grand Prix,\N
126,2002,Brazilian Grand Prix,\N
127,2002,San Marino Grand Prix,\N
128,2002,Spanish Grand Prix,\N
129,2002,Austrian Grand Prix,\N
130,2002,Monaco Grand Prix,\N
131,2002,Canadian Grand Prix,\N
132,2002,European Grand Prix,\N
133,2002,British Grand Prix,\N
134,2002,French Grand Prix,\N
135,2002,German Grand Prix,\N
136,2002,Hungarian Grand Prix,\N
137,2002,Belgian Grand Prix,\N
138,2002,Italian Grand Prix,\N
139,2002,United States Grand Prix,\N
140,2002,Japanese Grand Prix,\N
141,2001,Australian Grand Prix,\N
142,2001,Malaysian Grand Prix,\N
143,2001,Brazilian Grand Prix,\N
144,2001,San Marino Grand Prix,\N
145,2001,Spanish Grand Prix,\N
146,2001,Austrian Grand Prix,\N
147,2001,Monaco Grand Prix,\N
148,2001,Canadian Grand Prix,\N
149,2001,European Grand Prix,\N
150,2001,French Grand Prix,\N
151,2001,British Grand Prix,\N
152,2001,German Grand Prix,\N
153,2001,Hungarian Grand Prix,\N
154,2001,Belgian Grand Prix,\N
155,2001,Italian Grand Prix,\N
156,2001,United States Grand Prix,\N
157,2001,Japanese Grand Prix,\N
158,2000,Australian Grand Prix,\N
159,2000,Brazilian Grand Prix,\N
160,2000,San Marino Grand Prix,\N
161,2000,British Grand Prix,\N
162,2000,Spanish Grand Prix,\N
163,2000,European Grand Prix,\N
164,2000,Monaco Grand Prix,\N
165,2000,Canadian Grand Prix,\N
166,2000,French Grand Prix,\N
167,2000,Austrian Grand Prix,\N
168,2000,German Grand Prix,\N
169,2000,Hungarian Grand Prix,\N
170,2000,Belgian Grand Prix,\N
171,2000,Italian Grand Prix,\N
172,2000,United States Grand Prix,\N
173,2000,Japanese Grand Prix,\N
174,2000,Malaysian Grand Prix,\N
175,1999,Australian Grand Prix,\N
176,1999,Brazilian Grand Prix,\N
177,1999,San Marino Grand Prix,\N
178,1999,Monaco Grand Prix,\N
179,1999,Spanish Grand Prix,\N
180,1999,Canadian Grand Prix,\N
181,1999,French Grand Prix,\N
182,1999,British Grand Prix,\N
183,1999,Austrian Grand Prix,\N
184,1999,German Grand Prix,\N
185,1999,Hungarian Grand Prix,\N
186,1999,Belgian Grand Prix,\N
187,1999,Italian Grand Prix,\N
188,1999,European Grand Prix,\N
189,1999,Malaysian Grand Prix,\N
190,1999,Japanese Grand Prix,\N
191,1998,Australian Grand Prix,\N
192,1998,Brazilian Grand Prix,\N
193,1998,Argentine Grand Prix,\N
194,1998,San Marino Grand Prix,\N
195,1998,Spanish Grand Prix,\N
196,1998,Monaco Grand Prix,\N
197,1998,Canadian Grand Prix,\N
198,1998,French Grand Prix,\N
199,1998,British Grand Prix,\N
200,1998,Austrian Grand Prix,\N
201,1998,German Grand Prix,\N
202,1998,Hungarian Grand Prix,\N
203,1998,Belgian Grand Prix,\N
204,1998,Italian Grand Prix,\N
205,1998,Luxembourg Grand Prix,\N
206,1998,Japanese Grand Prix,\N
207,1997,Australian Grand Prix,\N
208,1997,Brazilian Grand Prix,\N
209,1997,Argentine Grand Prix,\N
210,1997,San Marino Grand Prix,\N
211,1997,Monaco Grand Prix,\N
212,1997,Spanish Grand Prix,\N
213,1997,Canadian Grand Prix,\N
214,1997,French Grand Prix,\N
215,1997,British Grand Prix,\N
216,1997,German Grand Prix,\N
217,1997,Hungarian Grand Prix,\N
218,1997,Belgian Grand Prix,\N
219,1997,Italian Grand Prix,\N
220,1997,Austrian Grand Prix,\N
221,1997,Luxembourg Grand Prix,\N
222,1997,Japanese Grand Prix,\N
223,1997,European Grand Prix,\N
224,1996,Australian Grand Prix,\N
225,1996,Brazilian Grand Prix,\N
226,1996,Argentine Grand Prix,\N
227,1996,European Grand Prix,\N
228,1996,San Marino Grand Prix,\N
229,1996,Monaco Grand Prix,\N
230,1996,Spanish Grand Prix,\N
231,1996,Canadian Grand Prix,\N
232,1996,French Grand Prix,\N
233,1996,British Grand Prix,\N
234,1996,German Grand Prix,\N
235,1996,Hungarian Grand Prix,\N
236,1996,Belgian Grand Prix,\N
237,1996,Italian Grand Prix,\N
238,1996,Portuguese Grand Prix,\N
239,1996,Japanese Grand Prix,\N
240,1995,Brazilian Grand Prix,\N
241,1995,Argentine Grand Prix,\N
242,1995,San Marino Grand Prix,\N
243,1995,Spanish Grand Prix,\N
244,1995,Monaco Grand Prix,\N
245,1995,Canadian Grand Prix,\N
246,1995,French Grand Prix,\N
247,1995,British Grand Prix,\N
248,1995,German Grand Prix,\N
249,1995,Hungarian Grand Prix,\N
250,1995,Belgian Grand Prix,\N
251,1995,Italian Grand Prix,\N
252,1995,Portuguese Grand Prix,\N
253,1995,European Grand Prix,\N
254,1995,Pacific Grand Prix,\N
255,1995,Japanese Grand Prix,\N
256,1995,Australian Grand Prix,\N
257,1994,Brazilian Grand Prix,\N
258,1994,Pacific Grand Prix,\N
259,1994,San Marino Grand Prix,\N
260,1994,Monaco Grand Prix,\N
261,1994,Spanish Grand Prix,\N
262,1994,Canadian Grand Prix,\N
263,1994,French Grand Prix,\N
264,1994,British Grand Prix,\N
265,1994,German Grand Prix,\N
266,1994,Hungarian Grand Prix,\N
267,1994,Belgian Grand Prix,\N
268,1994,Italian Grand Prix,\N
269,1994,Portuguese Grand Prix,\N
270,1994,European Grand Prix,\N
271,1994,Japanese Grand Prix,\N
272,1994,Australian Grand Prix,\N
273,1993,South African Grand Prix,\N
274,1993,Brazilian Grand Prix,\N
275,1993,European Grand Prix,\N
276,1993,San Marino Grand Prix,\N
277,1993,Spanish Grand Prix,\N
278,1993,Monaco Grand Prix,\N
279,1993,Canadian Grand Prix,\N
280,1993,French Grand Prix,\N
281,1993,British Grand Prix,\N
282,1993,German Grand Prix,\N
283,1993,Hungarian Grand Prix,\N
284,1993,Belgian Grand Prix,\N
285,1993,Italian Grand Prix,\N
286,1993,Portuguese Grand Prix,\N
287,1993,Japanese Grand Prix,\N
288,1993,Australian Grand Prix,\N
289,1992,South African Grand Prix,\N
290,1992,Mexican Grand Prix,\N
291,1992,Brazilian Grand Prix,\N
292,1992,Spanish Grand Prix,\N
293,1992,San Marino Grand Prix,\N
294,1992,Monaco Grand Prix,\N
295,1992,Canadian Grand Prix,\N
296,1992,French Grand Prix,\N
297,1992,British Grand Prix,\N
298,1992,German Grand Prix,\N
299,1992,Hungarian Grand Prix,\N
300,1992,Belgian Grand Prix,\N
301,1992,Italian Grand Prix,\N
302,1992,Portuguese Grand Prix,\N
303,1992,Japanese Grand Prix,\N
304,1992,Australian Grand Prix,\N
305,1991,United States Grand Prix,\N
306,1991,Brazilian Grand Prix,\N
307,1991,San Marino Grand Prix,\N
308,1991,Monaco Grand Prix,\N
309,1991,Canadian Grand Prix,\N
310,1991,Mexican Grand Prix,\N
311,1991,French Grand Prix,\N
312,1991,British Grand Prix,\N
313,1991,German Grand Prix,\N
314,1991,Hungarian Grand Prix,\N
315,1991,Belgian Grand Prix,\N
316,1991,Italian Grand Prix,\N
317,1991,Portuguese Grand Prix,\N
318,1991,Spanish Grand Prix,\N
319,1991,Japanese Grand Prix,\N
320,1991,Australian Grand Prix,\N
321,1990,United States Grand Prix,\N
322,1990,Brazilian Grand Prix,\N
323,1990,San Marino Grand Prix,\N
324,1990,Monaco Grand Prix,\N
325,1990,Canadian Grand Prix,\N
326,1990,Mexican Grand Prix,\N
327,1990,French Grand Prix,\N
328,1990,British Grand Prix,\N
329,1990,German Grand Prix,\N
330,1990,Hungarian Grand Prix,\N
331,1990,Belgian Grand Prix,\N
332,1990,Italian Grand Prix,\N
333,1990,Portuguese Grand Prix,\N
334,1990,Spanish Grand Prix,\N
335,1990,Japanese Grand Prix,\N
336,1990,Australian Grand Prix,\N
337,2010,Bahrain Grand Prix,\N
338,2010,Australian Grand Prix,\N
339,2010,Malaysian Grand Prix,\N
340,2010,Chinese Grand Prix,\N
341,2010,Spanish Grand Prix,\N
342,2010,Monaco Grand Prix,\N
343,2010,Turkish Grand Prix,\N
344,2010,Canadian Grand Prix,\N
345,2010,European Grand Prix,\N
346,2010,British Grand Prix,\N
347,2010,German Grand Prix,\N
348,2010,Hungarian Grand Prix,\N
349,2010,Belgian Grand Prix,\N
350,2010,Italian Grand Prix,\N
351,2010,Singapore Grand Prix,\N
352,2010,Japanese Grand Prix,\N
353,2010,Korean Grand Prix,\N
354,2010,Brazilian Grand Prix,\N
355,2010,Abu Dhabi Grand Prix,\N
356,1989,Brazilian Grand Prix,\N
357,1989,San Marino Grand Prix,\N
358,1989,Monaco Grand Prix,\N
359,1989,Mexican Grand Prix,\N
360,1989,United States Grand Prix,\N
361,1989,Canadian Grand Prix,\N
362,1989,French Grand Prix,\N
363,1989,British Grand Prix,\N
364,1989,German Grand Prix,\N
365,1989,Hungarian Grand Prix,\N
366,1989,Belgian Grand Prix,\N
367,1989,Italian Grand Prix,\N
368,1989,Portuguese Grand Prix,\N
369,1989,Spanish Grand Prix,\N
370,1989,Japanese Grand Prix,\N
371,1989,Australian Grand Prix,\N
372,1988,Brazilian Grand Prix,\N
373,1988,San Marino Grand Prix,\N
374,1988,Monaco Grand Prix,\N
375,1988,Mexican Grand Prix,\N
376,1988,Canadian Grand Prix,\N
377,1988,Detroit Grand Prix,\N
378,1988,French Grand Prix,\N
379,1988,British Grand Prix,\N
380,1988,German Grand Prix,\N
381,1988,Hungarian Grand Prix,\N
382,1988,Belgian Grand Prix,\N
383,1988,Italian Grand Prix,\N
384,1988,Portuguese Grand Prix,\N
385,1988,Spanish Grand Prix,\N
386,1988,Japanese Grand Prix,\N
387,1988,Australian Grand Prix,\N
388,1987,Brazilian Grand Prix,\N
389,1987,San Marino Grand Prix,\N
390,1987,Belgian Grand Prix,\N
391,1987,Monaco Grand Prix,\N
392,1987,Detroit Grand Prix,\N
393,1987,French Grand Prix,\N
394,1987,British Grand Prix,\N
395,1987,German Grand Prix,\N
396,1987,Hungarian Grand Prix,\N
397,1987,Austrian Grand Prix,\N
398,1987,Italian Grand Prix,\N
399,1987,Portuguese Grand Prix,\N
400,1987,Spanish Grand Prix,\N
401,1987,Mexican Grand Prix,\N
402,1987,Japanese Grand Prix,\N
403,1987,Australian Grand Prix,\N
404,1986,Brazilian Grand Prix,\N
405,1986,Spanish Grand Prix,\N
406,1986,San Marino Grand Prix,\N
407,1986,Monaco Grand Prix,\N
408,1986,Belgian Grand Prix,\N
409,1986,Canadian Grand Prix,\N
410,1986,Detroit Grand Prix,\N
411,1986,French Grand Prix,\N
412,1986,British Grand Prix,\N
413,1986,German Grand Prix,\N
414,1986,Hungarian Grand Prix,\N
415,1986,Austrian Grand Prix,\N
416,1986,Italian Grand Prix,\N
417,1986,Portuguese Grand Prix,\N
418,1986,Mexican Grand Prix,\N
419,1986,Australian Grand Prix,\N
420,1985,Brazilian Grand Prix,\N
421,1985,Portuguese Grand Prix,\N
422,1985,San Marino Grand Prix,\N
423,1985,Monaco Grand Prix,\N
424,1985,Canadian Grand Prix,\N
425,1985,Detroit Grand Prix,\N
426,1985,French Grand Prix,\N
427,1985,British Grand Prix,\N
428,1985,German Grand Prix,\N
429,1985,Austrian Grand Prix,\N
430,1985,Dutch Grand Prix,\N
431,1985,Italian Grand Prix,\N
432,1985,Belgian Grand Prix,\N
433,1985,European Grand Prix,\N
434,1985,South African Grand Prix,\N
435,1985,Australian Grand Prix,\N
436,1984,Brazilian Grand Prix,\N
437,1984,South African Grand Prix,\N
438,1984,Belgian Grand Prix,\N
439,1984,San Marino Grand Prix,\N
440,1984,French Grand Prix,\N
441,1984,Monaco Grand Prix,\N
442,1984,Canadian Grand Prix,\N
443,1984,Detroit Grand Prix,\N
444,1984,Dallas Grand Prix,\N
445,1984,British Grand Prix,\N
446,1984,German Grand Prix,\N
447,1984,Austrian Grand Prix,\N
448,1984,Dutch Grand Prix,\N
449,1984,Italian Grand Prix,\N
450,1984,European Grand Prix,\N
451,1984,Portuguese Grand Prix,\N
452,1983,Brazilian Grand Prix,\N
453,1983,United States Grand Prix West,\N
454,1983,French Grand Prix,\N
455,1983,San Marino Grand Prix,\N
456,1983,Monaco Grand Prix,\N
457,1983,Belgian Grand Prix,\N
458,1983,Detroit Grand Prix,\N
459,1983,Canadian Grand Prix,\N
460,1983,British Grand Prix,\N
461,1983,German Grand Prix,\N
462,1983,Austrian Grand Prix,\N
463,1983,Dutch Grand Prix,\N
464,1983,Italian Grand Prix,\N
465,1983,European Grand Prix,\N
466,1983,South African Grand Prix,\N
467,1982,South African Grand Prix,\N
468,1982,Brazilian Grand Prix,\N
469,1982,United States Grand Prix West,\N
470,1982,San Marino Grand Prix,\N
471,1982,Belgian Grand Prix,\N
472,1982,Monaco Grand Prix,\N
473,1982,Detroit Grand Prix,\N
474,1982,Canadian Grand Prix,\N
475,1982,Dutch Grand Prix,\N
476,1982,British Grand Prix,\N
477,1982,French Grand Prix,\N
478,1982,German Grand Prix,\N
479,1982,Austrian Grand Prix,\N
480,1982,Swiss Grand Prix,\N
481,1982,Italian Grand Prix,\N
482,1982,Caesars Palace Grand Prix,\N
483,1981,United States Grand Prix West,\N
484,1981,Brazilian Grand Prix,\N
485,1981,Argentine Grand Prix,\N
486,1981,San Marino Grand Prix,\N
487,1981,Belgian Grand Prix,\N
488,1981,Monaco Grand Prix,\N
489,1981,Spanish Grand Prix,\N
490,1981,French Grand Prix,\N
491,1981,British Grand Prix,\N
492,1981,German Grand Prix,\N
493,1981,Austrian Grand Prix,\N
494,1981,Dutch Grand Prix,\N
495,1981,Italian Grand Prix,\N
496,1981,Canadian Grand Prix,\N
497,1981,Caesars Palace Grand Prix,\N
498,1980,Argentine Grand Prix,\N
499,1980,Brazilian Grand Prix,\N
500,1980,South African Grand Prix,\N
501,1980,United States Grand Prix West,\N
502,1980,Belgian Grand Prix,\N
503,1980,Monaco Grand Prix,\N
504,1980,French Grand Prix,\N
505,1980,British Grand Prix,\N
506,1980,German Grand Prix,\N
507,1980,Austrian Grand Prix,\N
508,1980,Dutch Grand Prix,\N
509,1980,Italian Grand Prix,\N
510,1980,Canadian Grand Prix,\N
511,1980,United States Grand Prix,\N
512,1979,Argentine Grand Prix,\N
513,1979,Brazilian Grand Prix,\N
514,1979,South African Grand Prix,\N
515,1979,United States Grand Prix West,\N
516,1979,Spanish Grand Prix,\N
517,1979,Belgian Grand Prix,\N
518,1979,Monaco Grand Prix,\N
519,1979,French Grand Prix,\N
520,1979,British Grand Prix,\N
521,1979,German Grand Prix,\N
522,1979,Austrian Grand Prix,\N
523,1979,Dutch Grand Prix,\N
524,1979,Italian Grand Prix,\N
525,1979,Canadian Grand Prix,\N
526,1979,United States Grand Prix,\N
527,1978,Argentine Grand Prix,\N
528,1978,Brazilian Grand Prix,\N
529,1978,South African Grand Prix,\N
530,1978,United States Grand Prix West,\N
531,1978,Monaco Grand Prix,\N
532,1978,Belgian Grand Prix,\N
533,1978,Spanish Grand Prix,\N
534,1978,Swedish Grand Prix,\N
535,1978,French Grand Prix,\N
536,1978,British Grand Prix,\N
537,1978,German Grand Prix,\N
538,1978,Austrian Grand Prix,\N
539,1978,Dutch Grand Prix,\N
540,1978,Italian Grand Prix,\N
541,1978,United States Grand Prix,\N
542,1978,Canadian Grand Prix,\N
543,1977,Argentine Grand Prix,\N
544,1977,Brazilian Grand Prix,\N
545,1977,South African Grand Prix,\N
546,1977,United States Grand Prix West,\N
547,1977,Spanish Grand Prix,\N
548,1977,Monaco Grand Prix,\N
549,1977,Belgian Grand Prix,\N
550,1977,Swedish Grand Prix,\N
551,1977,French Grand Prix,\N
552,1977,British Grand Prix,\N
553,1977,German Grand Prix,\N
554,1977,Austrian Grand Prix,\N
555,1977,Dutch Grand Prix,\N
556,1977,Italian Grand Prix,\N
557,1977,United States Grand Prix,\N
558,1977,Canadian Grand Prix,\N
559,1977,Japanese Grand Prix,\N
560,1976,Brazilian Grand Prix,\N
561,1976,South African Grand Prix,\N
562,1976,United States Grand Prix West,\N
563,1976,Spanish Grand Prix,\N
564,1976,Belgian Grand Prix,\N
565,1976,Monaco Grand Prix,\N
566,1976,Swedish Grand Prix,\N
567,1976,French Grand Prix,\N
568,1976,British Grand Prix,\N
569,1976,German Grand Prix,\N
570,1976,Austrian Grand Prix,\N
571,1976,Dutch Grand Prix,\N
572,1976,Italian Grand Prix,\N
573,1976,Canadian Grand Prix,\N
574,1976,United States Grand Prix,\N
575,1976,Japanese Grand Prix,\N
576,1975,Argentine Grand Prix,\N
577,1975,Brazilian Grand Prix,\N
578,1975,South African Grand Prix,\N
579,1975,Spanish Grand Prix,\N
580,1975,Monaco Grand Prix,\N
581,1975,Belgian Grand Prix,\N
582,1975,Swedish Grand Prix,\N
583,1975,Dutch Grand Prix,\N
584,1975,French Grand Prix,\N
585,1975,British Grand Prix,\N
586,1975,German Grand Prix,\N
587,1975,Austrian Grand Prix,\N
588,1975,Italian Grand Prix,\N
589,1975,United States Grand Prix,\N
590,1974,Argentine Grand Prix,\N
591,1974,Brazilian Grand Prix,\N
592,1974,South African Grand Prix,\N
593,1974,Spanish Grand Prix,\N
594,1974,Belgian Grand Prix,\N
595,1974,Monaco Grand Prix,\N
596,1974,Swedish Grand Prix,\N
597,1974,Dutch Grand Prix,\N
598,1974,French Grand Prix,\N
599,1974,British Grand Prix,\N
600,1974,German Grand Prix,\N
601,1974,Austrian Grand Prix,\N
602,1974,Italian Grand Prix,\N
603,1974,Canadian Grand Prix,\N
604,1974,United States Grand Prix,\N
605,1973,Argentine Grand Prix,\N
606,1973,Brazilian Grand Prix,\N
607,1973,South African Grand Prix,\N
608,1973,Spanish Grand Prix,\N
609,1973,Belgian Grand Prix,\N
610,1973,Monaco Grand Prix,\N
611,1973,Swedish Grand Prix,\N
612,1973,French Grand Prix,\N
613,1973,British Grand Prix,\N
614,1973,Dutch Grand Prix,\N
615,1973,German Grand Prix,\N
616,1973,Austrian Grand Prix,\N
617,1973,Italian Grand Prix,\N
618,1973,Canadian Grand Prix,\N
619,1973,United States Grand Prix,\N
620,1972,Argentine Grand Prix,\N
621,1972,South African Grand Prix,\N
622,1972,Spanish Grand Prix,\N
623,1972,Monaco Grand Prix,\N
624,1972,Belgian Grand Prix,\N
625,1972,French Grand Prix,\N
626,1972,British Grand Prix,\N
627,1972,German Grand Prix,\N
628,1972,Austrian Grand Prix,\N
629,1972,Italian Grand Prix,\N
630,1972,Canadian Grand Prix,\N
631,1972,United States Grand Prix,\N
632,1971,South African Grand Prix,\N
633,1971,Spanish Grand Prix,\N
634,1971,Monaco Grand Prix,\N
635,1971,Dutch Grand Prix,\N
636,1971,French Grand Prix,\N
637,1971,British Grand Prix,\N
638,1971,German Grand Prix,\N
639,1971,Austrian Grand Prix,\N
640,1971,Italian Grand Prix,\N
641,1971,Canadian Grand Prix,\N
642,1971,United States Grand Prix,\N
643,1970,South African Grand Prix,\N
644,1970,Spanish Grand Prix,\N
645,1970,Monaco Grand Prix,\N
646,1970,Belgian Grand Prix,\N
647,1970,Dutch Grand Prix,\N
648,1970,French Grand Prix,\N
649,1970,British Grand Prix,\N
650,1970,German Grand Prix,\N
651,1970,Austrian Grand Prix,\N
652,1970,Italian Grand Prix,\N
653,1970,Canadian Grand Prix,\N
654,1970,United States Grand Prix,\N
655,1970,Mexican Grand Prix,\N
656,1969,South African Grand Prix,\N
657,1969,Spanish Grand Prix,\N
658,1969,Monaco Grand Prix,\N
659,1969,Dutch Grand Prix,\N
660,1969,French Grand Prix,\N
661,1969,British Grand Prix,\N
662,1969,German Grand Prix,\N
663,1969,Italian Grand Prix,\N
664,1969,Canadian Grand Prix,\N
665,1969,United States Grand Prix,\N
666,1969,Mexican Grand Prix,\N
667,1968,South African Grand Prix,\N
668,1968,Spanish Grand Prix,\N
669,1968,Monaco Grand Prix,\N
670,1968,Belgian Grand Prix,\N
671,1968,Dutch Grand Prix,\N
672,1968,French Grand Prix,\N
673,1968,British Grand Prix,\N
674,1968,German Grand Prix,\N
675,1968,Italian Grand Prix,\N
676,1968,Canadian Grand Prix,\N
677,1968,United States Grand Prix,\N
678,1968,Mexican Grand Prix,\N
679,1967,South African Grand Prix,\N
680,1967,Monaco Grand Prix,\N
681,1967,Dutch Grand Prix,\N
682,1967,Belgian Grand Prix,\N
683,1967,French Grand Prix,\N
684,1967,British Grand Prix,\N
685,1967,German Grand Prix,\N
686,1967,Canadian Grand Prix,\N
687,1967,Italian Grand Prix,\N
688,1967,United States Grand Prix,\N
689,1967,Mexican Grand Prix,\N
690,1966,Monaco Grand Prix,\N
691,1966,Belgian Grand Prix,\N
692,1966,French Grand Prix,\N
693,1966,British Grand Prix,\N
694,1966,Dutch Grand Prix,\N
695,1966,German Grand Prix,\N
696,1966,Italian Grand Prix,\N
697,1966,United States Grand Prix,\N
698,1966,Mexican Grand Prix,\N
699,1965,South African Grand Prix,\N
700,1965,Monaco Grand Prix,\N
701,1965,Belgian Grand Prix,\N
702,1965,French Grand Prix,\N
703,1965,British Grand Prix,\N
704,1965,Dutch Grand Prix,\N
705,1965,German Grand Prix,\N
706,1965,Italian Grand Prix,\N
707,1965,United States Grand Prix,\N
708,1965,Mexican Grand Prix,\N
709,1964,Monaco Grand Prix,\N
710,1964,Dutch Grand Prix,\N
711,1964,Belgian Grand Prix,\N
712,1964,French Grand Prix,\N
713,1964,British Grand Prix,\N
714,1964,German Grand Prix,\N
715,1964,Austrian Grand Prix,\N
716,1964,Italian Grand Prix,\N
717,1964,United States Grand Prix,\N
718,1964,Mexican Grand Prix,\N
719,1963,Monaco Grand Prix,\N
720,1963,Belgian Grand Prix,\N
721,1963,Dutch Grand Prix,\N
722,1963,French Grand Prix,\N
723,1963,British Grand Prix,\N
724,1963,German Grand Prix,\N
725,1963,Italian Grand Prix,\N
726,1963,United States Grand Prix,\N
727,1963,Mexican Grand Prix,\N
728,1963,South African Grand Prix,\N
729,1962,Dutch Grand Prix,\N
730,1962,Monaco Grand Prix,\N
731,1962,Belgian Grand Prix,\N
732,1962,French Grand Prix,\N
733,1962,British Grand Prix,\N
734,1962,German Grand Prix,\N
735,1962,Italian Grand Prix,\N
736,1962,United States Grand Prix,\N
737,1962,South African Grand Prix,\N
738,1961,Monaco Grand Prix,\N
739,1961,Dutch Grand Prix,\N
740,1961,Belgian Grand Prix,\N
741,1961,French Grand Prix,\N
742,1961,British Grand Prix,\N
743,1961,German Grand Prix,\N
744,1961,Italian Grand Prix,\N
745,1961,United States Grand Prix,\N
746,1960,Argentine Grand Prix,\N
747,1960,Monaco Grand Prix,\N
748,1960,Indianapolis 500,\N
749,1960,Dutch Grand Prix,\N
750,1960,Belgian Grand Prix,\N
751,1960,French Grand Prix,\N
752,1960,British Grand Prix,\N
753,1960,Portuguese Grand Prix,\N
754,1960,Italian Grand Prix,\N
755,1960,United States Grand Prix,\N
756,1959,Monaco Grand Prix,\N
757,1959,Indianapolis 500,\N
758,1959,Dutch Grand Prix,\N
759,1959,French Grand Prix,\N
760,1959,British Grand Prix,\N
761,1959,German Grand Prix,\N
762,1959,Portuguese Grand Prix,\N
763,1959,Italian Grand Prix,\N
764,1959,United States Grand Prix,\N
765,1958,Argentine Grand Prix,\N
766,1958,Monaco Grand Prix,\N
767,1958,Dutch Grand Prix,\N
768,1958,Indianapolis 500,\N
769,1958,Belgian Grand Prix,\N
770,1958,French Grand Prix,\N
771,1958,British Grand Prix,\N
772,1958,German Grand Prix,\N
773,1958,Portuguese Grand Prix,\N
774,1958,Italian Grand Prix,\N
775,1958,Moroccan Grand Prix,\N
776,1957,Argentine Grand Prix,\N
777,1957,Monaco Grand Prix,\N
778,1957,Indianapolis 500,\N
779,1957,French Grand Prix,\N
780,1957,British Grand Prix,\N
781,1957,German Grand Prix,\N
782,1957,Pescara Grand Prix,\N
783,1957,Italian Grand Prix,\N
784,1956,Argentine Grand Prix,\N
785,1956,Monaco Grand Prix,\N
786,1956,Indianapolis 500,\N
787,1956,Belgian Grand Prix,\N
788,1956,French Grand Prix,\N
789,1956,British Grand Prix,\N
790,1956,German Grand Prix,\N
791,1956,Italian Grand Prix,\N
792,1955,Argentine Grand Prix,\N
793,1955,Monaco Grand Prix,\N
794,1955,Indianapolis 500,\N
795,1955,Belgian Grand Prix,\N
796,1955,Dutch Grand Prix,\N
797,1955,British Grand Prix,\N
798,1955,Italian Grand Prix,\N
799,1954,Argentine Grand Prix,\N
800,1954,Indianapolis 500,\N
801,1954,Belgian Grand Prix,\N
802,1954,French Grand Prix,\N
803,1954,British Grand Prix,\N
804,1954,German Grand Prix,\N
805,1954,Swiss Grand Prix,\N
806,1954,Italian Grand Prix,\N
807,1954,Spanish Grand Prix,\N
808,1953,Argentine Grand Prix,\N
809,1953,Indianapolis 500,\N
810,1953,Dutch Grand Prix,\N
811,1953,Belgian Grand Prix,\N
812,1953,French Grand Prix,\N
813,1953,British Grand Prix,\N
814,1953,German Grand Prix,\N
815,1953,Swiss Grand Prix,\N
816,1953,Italian Grand Prix,\N
817,1952,Swiss Grand Prix,\N
818,1952,Indianapolis 500,\N
819,1952,Belgian Grand Prix,\N
820,1952,French Grand Prix,\N
821,1952,British Grand Prix,\N
822,1952,German Grand Prix,\N
823,1952,Dutch Grand Prix,\N
824,1952,Italian Grand Prix,\N
825,1951,Swiss Grand Prix,\N
826,1951,Indianapolis 500,\N
827,1951,Belgian Grand Prix,\N
828,1951,French Grand Prix,\N
829,1951,British Grand Prix,\N
830,1951,German Grand Prix,\N
831,1951,Italian Grand Prix,\N
832,1951,Spanish Grand Prix,\N
833,1950,British Grand Prix,\N
834,1950,Monaco Grand Prix,\N
835,1950,Indianapolis 500,\N
836,1950,Swiss Grand Prix,\N
837,1950,Belgian Grand Prix,\N
838,1950,French Grand Prix,\N
839,1950,Italian Grand Prix,\N
841,2011,Australian Grand Prix,24342.82222222222
842,2011,Malaysian Grand Prix,24434.372881355932
843,2011,Chinese Grand Prix,22299.241379310344
844,2011,Turkish Grand Prix,23005.060975609755
845,2011,Spanish Grand Prix,21567.597402597403
846,2011,Monaco Grand Prix,27548.3488372093
847,2011,Canadian Grand Prix,25267.333333333332
848,2011,European Grand Prix,21795.815384615384
849,2011,British Grand Prix,25964.222222222223
850,2011,German Grand Prix,21635.46
851,2011,Hungarian Grand Prix,22060.647727272728
852,2011,Belgian Grand Prix,22745.846153846152
853,2011,Italian Grand Prix,51479.91428571429
854,2011,Singapore Grand Prix,31333.260869565216
855,2011,Japanese Grand Prix,22118.292307692307
856,2011,Korean Grand Prix,21835.56
857,2011,Indian Grand Prix,23801.340425531915
858,2011,Abu Dhabi Grand Prix,21072.595238095237
859,2011,Brazilian Grand Prix,21675.810344827587
860,2012,Australian Grand Prix,24706.926829268294
861,2012,Malaysian Grand Prix,25766.657894736843
862,2012,Chinese Grand Prix,22102.69090909091
863,2012,Bahrain Grand Prix,23381.197183098593
864,2012,Spanish Grand Prix,20973.507462686568
865,2012,Monaco Grand Prix,26856.46153846154
866,2012,Canadian Grand Prix,21825.18918918919
867,2012,European Grand Prix,22199.877551020407
868,2012,British Grand Prix,26893.883720930233
869,2012,German Grand Prix,19710.816666666666
870,2012,Hungarian Grand Prix,20085.827586206895
871,2012,Belgian Grand Prix,22674.342105263157
872,2012,Italian Grand Prix,22618.064516129034
873,2012,Singapore Grand Prix,31156.428571428572
874,2012,Japanese Grand Prix,22336.891304347828
875,2012,Korean Grand Prix,21119.121951219513
876,2012,Indian Grand Prix,22694.714285714286
877,2012,Abu Dhabi Grand Prix,21959.566666666666
878,2012,United States Grand Prix,22526.416666666668
879,2012,Brazilian Grand Prix,23779.72463768116
880,2013,Australian Grand Prix,23119.905660377357
881,2013,Malaysian Grand Prix,27328.219178082192
882,2013,Chinese Grand Prix,21097.947368421053
883,2013,Bahrain Grand Prix,22954.87323943662
884,2013,Spanish Grand Prix,21206.08860759494
885,2013,Monaco Grand Prix,26428.233333333334
886,2013,Canadian Grand Prix,21455.840909090908
887,2013,British Grand Prix,26297.345454545455
888,2013,German Grand Prix,23928.946428571428
890,2013,Hungarian Grand Prix,22156.85714285714
891,2013,Belgian Grand Prix,23484.883720930233
892,2013,Italian Grand Prix,25754.25
893,2013,Singapore Grand Prix,31111.87037037037
894,2013,Korean Grand Prix,25153.469387755104
895,2013,Japanese Grand Prix,23349.354166666668
896,2013,Indian Grand Prix,24893.295454545456
897,2013,Abu Dhabi Grand Prix,22395.19512195122
898,2013,United States Grand Prix,24873.444444444445
899,2013,Brazilian Grand Prix,23424.744680851065
900,2014,Australian Grand Prix,23856.441176470587
901,2014,Malaysian Grand Prix,28549.872727272726
902,2014,Bahrain Grand Prix,26009.21052631579
903,2014,Chinese Grand Prix,24716.88888888889
904,2014,Spanish Grand Prix,22922.229166666668
905,2014,Monaco Grand Prix,28645.037037037036
906,2014,Canadian Grand Prix,24213.242424242424
907,2014,Austrian Grand Prix,23430.09756097561
908,2014,British Grand Prix,29195.217391304348
909,2014,German Grand Prix,20388.345454545455
910,2014,Hungarian Grand Prix,23819.295454545456
911,2014,Belgian Grand Prix,23913.630434782608
912,2014,Italian Grand Prix,25310.652173913044
913,2014,Singapore Grand Prix,30080.14814814815
914,2014,Japanese Grand Prix,334107.2405063291
915,2014,Russian Grand Prix,30727.478260869564
916,2014,United States Grand Prix,25288.694444444445
917,2014,Brazilian Grand Prix,24377.884615384617
918,2014,Abu Dhabi Grand Prix,22345.80487804878
926,2015,Australian Grand Prix,25012.58823529412
927,2015,Malaysian Grand Prix,27092.08
928,2015,Chinese Grand Prix,23183.842105263157
929,2015,Bahrain Grand Prix,28697.767441860466
930,2015,Spanish Grand Prix,23395.043478260868
931,2015,Monaco Grand Prix,27150.387096774193
932,2015,Canadian Grand Prix,24894.304347826088
933,2015,Austrian Grand Prix,24262.238095238095
934,2015,British Grand Prix,32856.51515151515
936,2015,Hungarian Grand Prix,21273.072916666668
937,2015,Belgian Grand Prix,23262.63157894737
938,2015,Italian Grand Prix,24745.391304347828
939,2015,Singapore Grand Prix,31411.785714285714
940,2015,Japanese Grand Prix,25117.777777777777
941,2015,Russian Grand Prix,32131.263157894737
942,2015,United States Grand Prix,27448.382978723403
943,2015,Mexican Grand Prix,23578.315789473683
944,2015,Brazilian Grand Prix,24384.469387755104
945,2015,Abu Dhabi Grand Prix,23341.85714285714
948,2016,Australian Grand Prix,445759.6
949,2016,Bahrain Grand Prix,25905.849056603773
950,2016,Chinese Grand Prix,24694.303030303032
951,2016,Russian Grand Prix,33135.807692307695
952,2016,Spanish Grand Prix,23047.36170212766
953,2016,Monaco Grand Prix,28991.466666666667
954,2016,Canadian Grand Prix,23864.333333333332
955,2016,European Grand Prix,21628.909090909092
956,2016,Austrian Grand Prix,20493.71052631579
957,2016,British Grand Prix,32769.55319148936
958,2016,Hungarian Grand Prix,22500.68888888889
959,2016,German Grand Prix,20501.816666666666
960,2016,Belgian Grand Prix,349103.23529411765
961,2016,Italian Grand Prix,45398.97435897436
962,2016,Singapore Grand Prix,30440.308823529413
963,2016,Malaysian Grand Prix,25342.31818181818
964,2016,Japanese Grand Prix,23557.71052631579
965,2016,United States Grand Prix,25083.93023255814
966,2016,Mexican Grand Prix,23138.571428571428
967,2016,Brazilian Grand Prix,1024768.3387096775
968,2016,Abu Dhabi Grand Prix,22906.162162162163
969,2017,Australian Grand Prix,24080.8
970,2017,Chinese Grand Prix,20529.463414634145
971,2017,Bahrain Grand Prix,25714.967741935485
972,2017,Russian Grand Prix,30821.4
973,2017,Spanish Grand Prix,23219.594594594593
974,2017,Monaco Grand Prix,25554.178571428572
975,2017,Canadian Grand Prix,29691.333333333332
976,2017,Azerbaijan Grand Prix,378141.1904761905
977,2017,Austrian Grand Prix,21868.8
978,2017,British Grand Prix,29501.925925925927
979,2017,Hungarian Grand Prix,24043.190476190477
980,2017,Belgian Grand Prix,24103.175
981,2017,Italian Grand Prix,26160.095238095237
982,2017,Singapore Grand Prix,30482.170731707316
983,2017,Malaysian Grand Prix,24491.15
984,2017,Japanese Grand Prix,23671.5
985,2017,United States Grand Prix,24514.84
986,2017,Mexican Grand Prix,23832.043478260868
987,2017,Brazilian Grand Prix,20289.17391304348
988,2017,Abu Dhabi Grand Prix,22222.636363636364
989,2018,Australian Grand Prix,22316.75
990,2018,Bahrain Grand Prix,25801.484848484848
991,2018,Chinese Grand Prix,23509.533333333333
992,2018,Azerbaijan Grand Prix,23904.194444444445
993,2018,Spanish Grand Prix,23834.904761904763
994,2018,Monaco Grand Prix,25691.5
995,2018,Canadian Grand Prix,24683.95
996,2018,French Grand Prix,26343.1
997,2018,Austrian Grand Prix,23449.130434782608
998,2018,British Grand Prix,28879.214285714286
999,2018,German Grand Prix,21072.025
1000,2018,Hungarian Grand Prix,22214.1
1001,2018,Belgian Grand Prix,22360.676470588234
1002,2018,Italian Grand Prix,26151.95238095238
1003,2018,Singapore Grand Prix,29573.84
1004,2018,Russian Grand Prix,30312.45
1005,2018,Japanese Grand Prix,25040.391304347828
1006,2018,United States Grand Prix,25668.708333333332
1007,2018,Mexican Grand Prix,23187.137931034482
1008,2018,Brazilian Grand Prix,24197.64
1009,2018,Abu Dhabi Grand Prix,22957.555555555555
1010,2019,Australian Grand Prix,23607.727272727272
1011,2019,Bahrain Grand Prix,26532.2
1012,2019,Chinese Grand Prix,25685.891891891893
1013,2019,Azerbaijan Grand Prix,20530.423076923078
1014,2019,Spanish Grand Prix,23137.216216216217
1015,2019,Monaco Grand Prix,25422.347826086956
1016,2019,Canadian Grand Prix,24643.545454545456
1017,2019,French Grand Prix,31136.347826086956
1018,2019,Austrian Grand Prix,22381.869565217392
1019,2019,British Grand Prix,29649.655172413793
1020,2019,German Grand Prix,21466.16883116883
1021,2019,Hungarian Grand Prix,22801.208333333332
1022,2019,Belgian Grand Prix,25674.25
1023,2019,Italian Grand Prix,25858.655172413793
1024,2019,Singapore Grand Prix,30976.5
1025,2019,Russian Grand Prix,30764.0
1026,2019,Japanese Grand Prix,23878.451612903227
1027,2019,Mexican Grand Prix,23591.153846153848
1028,2019,United States Grand Prix,24946.484848484848
1029,2019,Brazilian Grand Prix,23692.88888888889
1030,2019,Abu Dhabi Grand Prix,22273.12
1031,2020,Austrian Grand Prix,21043.815789473683
1032,2020,Styrian Grand Prix,22929.190476190477
1033,2020,Hungarian Grand Prix,23197.37777777778
1034,2020,British Grand Prix,31254.090909090908
1035,2020,70th Anniversary Grand Prix,28733.780487804877
1036,2020,Spanish Grand Prix,22335.22857142857
1037,2020,Belgian Grand Prix,24100.45
1038,2020,Italian Grand Prix,714235.2702702703
1039,2020,Tuscan Grand Prix,529469.5
1040,2020,Russian Grand Prix,30807.333333333332
1041,2020,Eifel Grand Prix,23468.78787878788
1042,2020,Portuguese Grand Prix,28589.96
1043,2020,Emilia Romagna Grand Prix,30907.3
1044,2020,Turkish Grand Prix,28132.342105263157
1045,2020,Bahrain Grand Prix,403572.5964912281
1046,2020,Sakhir Grand Prix,26211.23076923077
1047,2020,Abu Dhabi Grand Prix,22681.0
1051,2021,Australian Grand Prix,\N
1052,2021,Bahrain Grand Prix,\N
1053,2021,Chinese Grand Prix,\N
1054,2021,TBC,\N
1055,2021,Spanish Grand Prix,\N
1056,2021,Monaco Grand Prix,\N
1057,2021,Azerbaijan Grand Prix,\N
1058,2021,Canadian Grand Prix,\N
1059,2021,French Grand Prix,\N
1060,2021,Austrian Grand Prix,\N
1061,2021,British Grand Prix,\N
1062,2021,Hungarian Grand Prix,\N
1063,2021,Belgian Grand Prix,\N
1064,2021,Dutch Grand Prix,\N
1065,2021,Italian Grand Prix,\N
1066,2021,Russian Grand Prix,\N
1067,2021,Singapore Grand Prix,\N
1068,2021,Japanese Grand Prix,\N
1069,2021,United States Grand Prix,\N
1070,2021,Mexico City Grand Prix,\N
1071,2021,Brazilian Grand Prix,\N
1072,2021,Saudi Arabian Grand Prix,\N
1073,2021,Abu Dhabi Grand Prix,\N
